benefit_id,benefit_name,product_type,benefit_type,category,region_scope,region,age_min,age_max,is_employed,is_student,is_freelance,is_selfemployed,target_housing_types,target_goals,income_limit,requires_income_proof,is_loan_type,application_status,benefit_summary,required_documents,source_url,tags_situation,tags_condition,tags_benefit,reason_base,interest_rate_max,monthly_limit,duration_months,target_label
,(우선적),,default,,,,,,,,,,,,,,,,,,,,,,,,,,
b010,청년월세 지원사업,지원금,national_policy,housing,all,all,19,34,1,1,1,1,monthly_rent,"housing,living_support",0,TRUE,FALSE,closed,월세로 거주하는 청년에게 월 최대 20만원씩 주거비를 지원.,"임대차계약서,월세이체내역,주민등록등본,소득확인서류",https://www.bokjiro.go.kr/ssis-tbu/twataa/wlfareInfo/moveTWAT52011M.do?wlfareInfoId=WLF00004661,월세청년추천,무주택조건,월세지원,"MATCH_HOUSING,LOW_INCOME_SUPPORT,DOCUMENT_CHECK_REQUIRED",0,20,24,월세청년
b011,청년도약계좌,적금,financial_product,asset_building,all,all,19,34,1,0,1,1,all,asset_building,7500,TRUE,FALSE,closed,"청년의 중장기 자산형성을 돕는 5년 만기 자유적립식 금융상품으로, 월 최대 70만원까지 납입 가능하며 정부기여금과 비과세 혜택을 제공하는 상품","소득확인서류,신분증,가입심사서류",https://fill4young.kinfa.or.kr/,사회초년생추천,소득조건확인,자산형성,"MATCH_GOAL,INCOME_PROOF_REQUIRED",6,70,60,사회초년생
b012,청년도약계좌,적금,financial_product,asset_building,all,all,19,34,0,1,1,0,all,asset_building,7500,TRUE,FALSE,closed,"소득이 있는 대학생도 검토할 수 있는 청년 자산형성 금융상품으로, 5년 동안 월 최대 70만원까지 자유롭게 납입하고 정부기여금과 비과세 혜택을 받을 수 있는 상품","소득확인서류,신분증,가입심사서류",https://www.kinfa.or.kr/financialProduct/youthLeapAccount.do,대학생추천,소득조건확인,자산형성,"MATCH_GOAL,INCOME_PROOF_REQUIRED",6,70,60,대학생
b013,청년희망적금,적금,financial_product,asset_building,all,all,19,34,1,0,0,0,all,asset_building,3600,TRUE,FALSE,closed,"사회초년생 또는 저소득 청년의 저축을 장려하기 위한 2년 만기 자유적립식 적금 상품으로, 월 최대 50만원까지 납입 가능하며 은행 이자에 더해 저축장려금과 비과세 혜택을 제공했던 상품","소득확인서류,신분증,가입심사서류",https://www.kinfa.or.kr/financialProduct/youthHopeSavings.do,사회초년생추천,소득조건확인,자산형성,"MATCH_GOAL,INCOME_PROOF_REQUIRED",10,50,24,사회초년생
b014,햇살론유스,대출,policy_finance,policy_finance,all,all,19,34,1,1,1,1,all,policy_finance,3500,TRUE,TRUE,open,"만 19~34세 청년의 학업·취업준비·생활 안정 자금 부담을 완화하기 위한 정책성 대출 상품으로, 동일인 최대 1,200만원 한도 내에서 이용 가능","신분증,소득확인서류,자금용도확인서류,보증심사서류",https://www.kinfa.or.kr/financialProduct/hessalLoanYoos.do,저소득청년대상,상환부담확인,대출성지원,"LOW_INCOME_SUPPORT,DOCUMENT_CHECK_REQUIRED",4.5,0,0,대학생
b015,햇살론유스,대출,policy_finance,policy_finance,all,all,19,34,0,1,0,0,all,policy_finance,3500,TRUE,TRUE,open,만 19~34세 대학생·대학원생·학점은행제 수강자 등 취업준비 청년의 학업 및 생활 안정 자금 부담을 완화하기 위한 정책성 대출 상품,"신분증,재학증명서또는휴학증명서,소득확인서류,자금용도확인서류,보증심사서류",https://www.kinfa.or.kr/financialProduct/hessalLoanYoos.do,대학생추천,상환부담확인,대출성지원,"LOW_INCOME_SUPPORT,DOCUMENT_CHECK_REQUIRED",4.5,0,0,대학생
b016,햇살론유스,대출,policy_finance,policy_finance,all,all,19,34,0,0,1,0,all,policy_finance,3500,TRUE,TRUE,open,"만 19~34세 프리랜서 청년의 생활 안정 및 자금 부담 완화를 위한 정책성 대출 상품으로, 연소득 3,500만원 이하 청년이 동일인 최대 1,200만원 한도 내에서 이용 가능","신분증,소득확인서류,사업또는소득활동확인서류,자금용도확인서류,보증심사서류",https://www.kinfa.or.kr/financialProduct/hessalLoanYoos.do,프리랜서검토가능,상환부담확인,대출성지원,"LOW_INCOME_SUPPORT,DOCUMENT_CHECK_REQUIRED",4.5,0,0,프리랜서
b017,청년전용 버팀목 전세자금대출,대출,policy_finance,housing,all,all,19,34,1,0,0,1,jeonse,housing,5000,TRUE,TRUE,open,만 19~34세 무주택 청년 세대주를 대상으로 전세보증금 마련을 지원하는 정책성 전세자금 대출 상품,"신분증,임대차계약서,주민등록등본,소득확인서류,재직또는사업증빙서류",https://www.myhome.go.kr/hws/portal/cont/selectYouthPolicyYouthOnlyCrutchLoanView.d,사회초년생추천,상환부담확인,대출성지원,"MATCH_HOUSING,DOCUMENT_CHECK_REQUIRED",3.3,0,120,사회초년생
b018,청년내일저축계좌,적금,national_policy,asset_building,all,all,19,34,1,0,1,1,all,"asset_building,living_support",2400,TRUE,FALSE,closed,일하는 저소득 청년이 3년 동안 매월 10만원 이상 저축하면 정부지원금을 매칭하여 목돈 형성을 돕는 자산형성 지원사업,"신분증,소득확인서류,가구소득확인서류,근로또는사업증빙서류,신청서류",https://www.bokjiro.go.kr/ssis-tbu/twatva/wlfareCust/selectNtcInfo.do?url=%2Fcustomer%2Fnotice%2F1309680_1155.html,저소득청년대상,소득증빙필요,자산형성,"MATCH_GOAL,LOW_INCOME_SUPPORT,INCOME_PROOF_REQUIRED",5,10,36,저소득청년
b019,청년내일저축계좌,적금,national_policy,asset_building,all,all,19,34,0,1,0,0,all,asset_building,2400,TRUE,FALSE,closed,근로·사업소득이 있는 저소득 대학생이 매월 10만원 이상 저축하면 정부지원금을 매칭하여 3년 후 목돈 마련을 돕는 자산형성 지원사업,"신분증,소득확인서류,가구소득확인서류,재학증명서또는학생확인서류,신청서류",https://www.bokjiro.go.kr/ssis-tbu/twatva/wlfareCust/selectNtcInfo.do?url=%2Fcustomer%2Fnotice%2F1309680_1155.html,대학생추천,소득증빙필요,자산형성,"MATCH_GOAL,LOW_INCOME_SUPPORT,INCOME_PROOF_REQUIRED",5,10,36,저소득청년
b020,중소기업청년소득세감면,세제혜택,tax_benefit,tax,all,all,15,34,1,0,0,0,all,tax,0,TRUE,FALSE,open,중소기업에 취업한 청년 근로자가 취업일로부터 최대 5년간 소득세 감면을 받을 수 있는 세제혜택 제도,"소득세감면신청서,재직증명서,병역증명서해당시,근로계약관련서류",https://www.nts.go.kr/nts/cm/cntnts/cntntsView.do?cntntsId=239023&mi=40632,중소기업재직자,재직증빙필요,세금혜택,"MATCH_EMPLOYMENT,TAX_BENEFIT,DOCUMENT_CHECK_REQUIRED",0,0,60,사회초년생
b021,청년형소득공제장기펀드,펀드,financial_product,asset_building,all,all,19,34,1,0,0,1,all,"asset_building,tax",5000,TRUE,FALSE,closed,"총급여 5,000만원 이하 청년이 장기 펀드에 가입해 납입금액의 일부를 소득공제 받을 수 있는 자산형성형 금융상품","신분증,소득확인서류,금융소득종합과세대상여부확인서류,가입신청서류",https://www.kbsec.com/go.able?linkcd=s010114200000,사회초년생추천,소득조건확인,자산형성,"MATCH_GOAL,TAX_BENEFIT,INCOME_PROOF_REQUIRED",0,50,60,사회초년생
b022,국민취업지원제도,지원금,national_policy,employment,all,all,15,34,0,0,0,0,all,"employment,living_support",0,TRUE,FALSE,open,취업을 원하는 청년에게 취업지원서비스와 구직촉진수당을 제공하여 구직활동과 생활 안정을 함께 지원하는 제도,"신분증,구직등록자료,가구원확인서류,소득재산확인서류,취업활동계획서류",https://www.work24.go.kr/ua/z/z/1300/selectEmssRqutIntro.do,취준생추천,구직활동증빙필요,생활지원,"MATCH_EMPLOYMENT,LOW_INCOME_SUPPORT,DOCUMENT_CHECK_REQUIRED",0,60,6,취준생
b023,내일배움카드,교육비지원,national_policy,education,all,all,15,34,1,1,1,1,all,"education,employment",0,FALSE,FALSE,open,취업 준비와 직무 역량 강화를 위해 직업훈련비를 5년간 300만원에서 최대 500만원까지 지원하는 교육·훈련 지원 카드,"신분증,카드발급신청서류,훈련상담관련서류",https://www.work24.go.kr/hr/h/a/1100/selectIssuGudn.do,취준생추천,조건확인필요,교육비지원,"MATCH_EMPLOYMENT,DOCUMENT_CHECK_REQUIRED",0,0,60,취준생
b024,서울 청년수당,지원금,local_support,living_support,local,seoul,19,34,0,0,0,0,all,"living_support,employment",0,TRUE,FALSE,closed,서울에 거주하는 만 19~34세 미취업 또는 단기근로 청년에게 월 50만원씩 최대 6개월 활동지원금과 성장지원 프로그램을 제공하는 지역 청년 지원사업,"주민등록등본,최종학력증명서,고용보험자격이력서,소득확인서류,단기근로증빙서류해당시",https://youth.seoul.go.kr/infoData/plcyInfo/view.do?key=2309150002&plcyBizId=V202600005&sprtInfoId=,취준생추천,구직활동증빙필요,생활지원,"MATCH_EMPLOYMENT,LOW_INCOME_SUPPORT,DOCUMENT_CHECK_REQUIRED",0,50,6,취준생
b025,경기 청년기본소득,지원금,local_support,living_support,local,gyeonggi,24,24,1,1,1,1,all,living_support,0,FALSE,FALSE,open,경기도에 거주하는 24세 청년에게 분기별 25만원씩 최대 100만원을 지역화폐로 지급하여 청년의 사회적 기본권 보장을 지원하는 지역 기본소득 제도,"신청서,주민등록초본,기초생활수급자증명서해당시",https://www.gg.go.kr/contents/contents.do?ciIdx=1037&menuId=2736,경기청년대상,거주지조건확인,생활지원,"LOW_INCOME_SUPPORT,DOCUMENT_CHECK_REQUIRED",0,25,4,경기청년